auroc,auprc,balanced_accuracy,f1,sensitivity,specificity,brier,ece,nll,threshold,n_samples,model_name,modality,feature_strategy,calibration_method,source_rows,validation_rows,external_rows,n_features
0.5098656409853867,0.037953942801198945,0.5131022933919437,0.066543438077634,0.3157894736842105,0.7104151130996769,0.08454845393574145,0.2022324128991048,0.32250059328338043,0.26602386832082686,8331.0,logistic_regression,cough,all,platt,2957,634,8331,253
0.48276227481455314,0.03566430591249229,0.49090754477543597,0.05829903978052126,0.2982456140350877,0.6835694755157843,0.118836814479952,0.2710336683370878,0.4086301898256503,0.3534633224048336,8331.0,logistic_regression,cough,drop_high_shift,platt,2957,634,8331,232
0.534794231414978,0.04217596348257965,0.5318576082263825,0.0724191063174114,0.49473684210526314,0.5689783743475019,0.11509225252725758,0.28451189703495494,0.41079578204214673,0.3207823601932191,8331.0,logistic_regression,cough,top_stable_50,platt,2957,634,8331,50
0.5239661420516242,0.03945242298860676,0.5083787956094562,0.0641399416909621,0.27017543859649124,0.7465821526224211,0.1020395622473419,0.2506751959451328,0.37371686605459237,0.3327724666743353,8331.0,random_forest,cough,all,platt,2957,634,8331,253
0.5185512251919882,0.036993618784395915,0.495628426024046,0.05411764705882353,0.16140350877192983,0.8298533432761621,0.11201089681286787,0.2694194626638824,0.3979243626580809,0.38246523868501836,8331.0,random_forest,cough,drop_high_shift,platt,2957,634,8331,232
0.4977615552677368,0.035881282110951214,0.49849680128733465,0.06379724710509067,0.512280701754386,0.48471290082028334,0.11680964632528505,0.28489517028356715,0.4135386187980328,0.3094694597543871,8331.0,random_forest,cough,top_stable_50,platt,2957,634,8331,50
