epoch,train_loss,validation_loss
1,0.9425218178613766,0.9294528961181641
