label_availability,n_rows,n_participants,age_mean,age_median,duration_sec_mean,recording_year_min,recording_year_max,top_country,top_country_share,top_quality_flag,top_quality_flag_share,top_gender,top_gender_share
known,19024,2114,35.24201009251472,31.0,10.059407314444911,2020.0,2022.0,India,0.9143713204373423,ok,0.9517451640033642,male,0.7005361648444071
unknown,5688,632,34.86708860759494,30.0,9.165441159018988,2020.0,2022.0,India,0.9208860759493671,ok,0.955168776371308,male,0.6629746835443038
